{"cameraMode":{"drawMode":0,"name":"Shaded","section":"Shading Mode"},"sceneLighting":false,"audioPlay":false,"sceneViewState":{"showFog":true,"showMaterialUpdate":false,"showSkybox":false,"showFlares":true,"showImageEffects":true,"showParticleSystems":true},"in2DMode":false,"pivot":{"x":981.8121337890625,"y":892.93212890625,"z":-225.189697265625},"rotation":{"x":-0.0005287954700179398,"y":0.9994480609893799,"z":-0.019801290705800058,"w":-0.026690619066357614},"size":1249.3211669921875,"orthographic":false}